Time_Seconds,Temperature,Humidity,Setpoint_Temperature,Setpoint_Humidity,Ctrl,Error_Code,T_PWM,RH_PWM,T_PID_p,T_PID_i,T_PID_d,T_PID_out,RH_PID_p,RH_PID_i,RH_PID_d,RH_PID_out
0.00,28.47,42.43,36.00,20.00,AUTO,5,0,0,0.00,0.00,0.00,0.00,0.00,0.00,0.00,0.00
1.00,28.49,42.43,36.00,20.00,AUTO,9,0,0,0.00,0.00,0.00,0.00,0.00,0.00,0.00,0.00
2.00,28.50,42.42,36.00,20.00,AUTO,9,0,0,0.00,0.00,0.00,0.00,0.00,0.00,0.00,0.00
3.00,28.50,42.42,36.00,20.00,AUTO,9,0,0,0.00,0.00,0.00,0.00,0.00,0.00,0.00,0.00
4.00,28.52,42.39,36.00,20.00,AUTO,9,0,0,0.00,0.00,0.00,0.00,0.00,0.00,0.00,0.00
5.00,28.53,42.39,36.00,20.00,AUTO,9,0,0,0.00,0.00,0.00,0.00,0.00,0.00,0.00,0.00
6.01,28.54,42.32,36.00,20.00,AUTO,9,0,0,0.00,0.00,0.00,0.00,0.00,0.00,0.00,0.00
7.01,28.53,42.32,36.00,20.00,MAN,9,0,0,0.00,0.00,0.00,0.00,0.00,0.00,0.00,0.00
8.01,28.55,42.29,36.00,20.00,MAN,9,0,0,0.00,0.00,0.00,0.00,0.00,0.00,0.00,0.00
9.01,28.57,42.29,36.00,20.00,MAN,9,0,0,0.00,0.00,0.00,0.00,0.00,0.00,0.00,0.00
10.03,28.60,42.29,36.00,20.00,AUTO,9,0,0,0.00,0.00,0.00,0.00,0.00,0.00,0.00,0.00
11.01,28.64,42.25,25.00,20.00,MAN,10,0,0,0.00,0.00,0.00,0.00,0.00,0.00,0.00,0.00
12.02,28.62,42.22,25.00,20.00,MAN,10,0,0,0.00,0.00,0.00,0.00,0.00,0.00,0.00,0.00
13.01,28.64,42.22,25.00,20.00,MAN,10,0,0,0.00,0.00,0.00,0.00,0.00,0.00,0.00,0.00
14.02,28.67,42.18,25.00,20.00,MAN,10,0,0,0.00,0.00,0.00,0.00,0.00,0.00,0.00,0.00
15.02,28.69,42.17,25.00,20.00,MAN,10,0,0,0.00,0.00,0.00,0.00,0.00,0.00,0.00,0.00
16.02,28.72,42.13,25.00,20.00,MAN,10,0,0,0.00,0.00,0.00,0.00,0.00,0.00,0.00,0.00
17.02,28.74,42.10,25.00,20.00,MAN,10,0,0,0.00,0.00,0.00,0.00,0.00,0.00,0.00,0.00
18.02,28.76,42.07,25.00,20.00,MAN,10,0,0,0.00,0.00,0.00,0.00,0.00,0.00,0.00,0.00
19.03,28.79,42.03,25.00,20.00,MAN,10,0,0,0.00,0.00,0.00,0.00,0.00,0.00,0.00,0.00
20.03,28.83,41.97,25.00,20.00,AUTO,10,0,0,0.00,0.00,0.00,0.00,0.00,0.00,0.00,0.00
21.03,28.85,41.96,25.00,20.00,AUTO,10,0,0,0.00,0.00,0.00,0.00,0.00,0.00,0.00,0.00
22.03,28.86,41.96,25.00,20.00,AUTO,10,0,0,0.00,0.00,0.00,0.00,0.00,0.00,0.00,0.00
23.03,28.90,41.92,25.00,20.00,AUTO,10,0,0,0.00,0.00,0.00,0.00,0.00,0.00,0.00,0.00
24.03,28.92,41.86,25.00,20.00,AUTO,10,0,0,0.00,0.00,0.00,0.00,0.00,0.00,0.00,0.00
25.04,28.95,41.82,25.00,20.00,AUTO,10,0,0,0.00,0.00,0.00,0.00,0.00,0.00,0.00,0.00
26.04,28.98,41.75,25.00,20.00,AUTO,10,0,0,0.00,0.00,0.00,0.00,0.00,0.00,0.00,0.00
27.04,29.00,41.74,25.00,20.00,AUTO,10,0,0,0.00,0.00,0.00,0.00,0.00,0.00,0.00,0.00
28.04,29.01,41.71,25.00,20.00,AUTO,10,0,0,-19556.25,0.00,50.71,-19606.96,0.00,0.00,0.00,0.00
29.04,29.04,41.68,25.00,20.00,AUTO,10,0,0,-19556.25,0.00,50.71,-19606.96,0.00,0.00,0.00,0.00
30.04,29.06,41.58,35.00,20.00,AUTO,9,0,0,-19556.25,0.00,50.71,-19606.96,0.00,0.00,0.00,0.00
31.06,29.07,41.54,35.00,20.00,MAN,9,0,0,-19556.25,0.00,50.71,-19606.96,0.00,0.00,0.00,0.00
32.19,29.08,41.51,35.00,20.00,MAN,9,0,0,-19556.25,0.00,50.71,-19606.96,0.00,0.00,0.00,0.00
33.05,29.12,41.47,35.00,20.00,MAN,9,0,0,-19556.25,0.00,50.71,-19606.96,0.00,0.00,0.00,0.00
34.05,29.17,41.44,35.00,20.00,MAN,9,0,0,-19556.25,0.00,50.71,-19606.96,0.00,0.00,0.00,0.00
35.05,29.19,41.39,35.00,20.00,MAN,9,0,0,-19556.25,0.00,50.71,-19606.96,0.00,0.00,0.00,0.00
36.05,29.20,41.36,35.00,20.00,MAN,9,0,0,-19556.25,0.00,50.71,-19606.96,0.00,0.00,0.00,0.00
37.06,29.22,41.33,35.00,20.00,MAN,9,0,0,-19556.25,0.00,50.71,-19606.96,0.00,0.00,0.00,0.00
38.06,29.26,41.26,35.00,20.00,MAN,9,0,0,-19556.25,0.00,50.71,-19606.96,0.00,0.00,0.00,0.00
39.06,29.29,41.23,35.00,20.00,MAN,9,0,0,-19556.25,0.00,50.71,-19606.96,0.00,0.00,0.00,0.00
40.06,29.33,41.16,35.00,20.00,MAN,9,0,0,-19556.25,0.00,50.71,-19606.96,0.00,0.00,0.00,0.00
41.06,29.37,41.15,35.00,20.00,MAN,9,0,0,-19556.25,0.00,50.71,-19606.96,0.00,0.00,0.00,0.00
42.06,29.41,41.08,35.00,20.00,MAN,9,0,0,-19556.25,0.00,50.71,-19606.96,0.00,0.00,0.00,0.00
43.07,29.45,41.01,35.00,20.00,MAN,9,0,0,-19556.25,0.00,50.71,-19606.96,0.00,0.00,0.00,0.00
44.06,29.47,40.98,35.00,20.00,MAN,9,0,0,-19556.25,0.00,50.71,-19606.96,0.00,0.00,0.00,0.00
45.07,29.50,40.91,35.00,20.00,MAN,9,0,0,-19556.25,0.00,50.71,-19606.96,0.00,0.00,0.00,0.00
46.07,29.52,40.84,35.00,20.00,MAN,9,0,0,-19556.25,0.00,50.71,-19606.96,0.00,0.00,0.00,0.00
47.07,29.56,40.80,35.00,20.00,MAN,9,0,0,-19556.25,0.00,50.71,-19606.96,0.00,0.00,0.00,0.00
48.07,29.60,40.77,35.00,20.00,MAN,9,0,0,-19556.25,0.00,50.71,-19606.96,0.00,0.00,0.00,0.00
49.07,29.63,40.70,35.00,20.00,MAN,9,0,0,-19556.25,0.00,50.71,-19606.96,0.00,0.00,0.00,0.00
50.07,29.67,40.63,35.00,20.00,MAN,9,0,0,-19556.25,0.00,50.71,-19606.96,0.00,0.00,0.00,0.00
51.08,29.73,40.59,35.00,20.00,MAN,9,0,0,-19556.25,0.00,50.71,-19606.96,0.00,0.00,0.00,0.00
52.08,29.77,40.52,35.00,20.00,MAN,9,0,0,-19556.25,0.00,50.71,-19606.96,0.00,0.00,0.00,0.00
53.08,29.80,40.46,35.00,20.00,MAN,9,0,0,-19556.25,0.00,50.71,-19606.96,0.00,0.00,0.00,0.00
54.08,29.85,40.42,35.00,20.00,MAN,9,0,0,-19556.25,0.00,50.71,-19606.96,0.00,0.00,0.00,0.00
55.08,29.88,40.37,35.00,20.00,MAN,9,0,0,-19556.25,0.00,50.71,-19606.96,0.00,0.00,0.00,0.00
56.09,29.92,40.30,35.00,20.00,MAN,9,0,0,-19556.25,0.00,50.71,-19606.96,0.00,0.00,0.00,0.00
57.09,29.96,40.23,35.00,20.00,MAN,9,0,0,-19556.25,0.00,50.71,-19606.96,0.00,0.00,0.00,0.00
58.09,30.00,40.13,35.00,20.00,MAN,9,0,0,-19556.25,0.00,50.71,-19606.96,0.00,0.00,0.00,0.00
59.09,30.04,40.09,35.00,20.00,MAN,9,0,0,-19556.25,0.00,50.71,-19606.96,0.00,0.00,0.00,0.00
60.09,30.08,40.02,35.00,20.00,MAN,9,0,0,-19556.25,0.00,50.71,-19606.96,0.00,0.00,0.00,0.00
61.09,30.12,39.96,35.00,20.00,MAN,9,0,0,-19556.25,0.00,50.71,-19606.96,0.00,0.00,0.00,0.00
62.10,30.17,39.89,35.00,20.00,MAN,9,0,0,-19556.25,0.00,50.71,-19606.96,0.00,0.00,0.00,0.00
63.09,30.21,39.85,35.00,20.00,MAN,9,0,0,-19556.25,0.00,50.71,-19606.96,0.00,0.00,0.00,0.00
64.10,30.24,39.78,35.00,20.00,MAN,9,0,0,-19556.25,0.00,50.71,-19606.96,0.00,0.00,0.00,0.00
65.10,30.30,39.71,35.00,20.00,MAN,9,0,0,-19556.25,0.00,50.71,-19606.96,0.00,0.00,0.00,0.00
66.10,30.33,39.64,35.00,20.00,MAN,9,0,0,-19556.25,0.00,50.71,-19606.96,0.00,0.00,0.00,0.00
67.10,30.38,39.59,35.00,20.00,MAN,9,0,0,-19556.25,0.00,50.71,-19606.96,0.00,0.00,0.00,0.00
68.10,30.42,39.52,35.00,20.00,MAN,9,0,0,-19556.25,0.00,50.71,-19606.96,0.00,0.00,0.00,0.00
69.11,30.45,39.49,35.00,20.00,MAN,9,0,0,-19556.25,0.00,50.71,-19606.96,0.00,0.00,0.00,0.00
70.11,30.50,39.39,35.00,20.00,MAN,9,0,0,-19556.25,0.00,50.71,-19606.96,0.00,0.00,0.00,0.00
71.11,30.55,39.33,35.00,20.00,MAN,9,0,0,-19556.25,0.00,50.71,-19606.96,0.00,0.00,0.00,0.00
72.11,30.56,39.27,35.00,20.00,MAN,9,0,0,-19556.25,0.00,50.71,-19606.96,0.00,0.00,0.00,0.00
73.11,30.56,39.21,35.00,20.00,MAN,9,0,0,-19556.25,0.00,50.71,-19606.96,0.00,0.00,0.00,0.00
74.11,30.64,39.14,35.00,20.00,MAN,9,0,0,-19556.25,0.00,50.71,-19606.96,0.00,0.00,0.00,0.00
75.12,30.67,39.07,35.00,20.00,MAN,9,0,0,-19556.25,0.00,50.71,-19606.96,0.00,0.00,0.00,0.00
76.12,30.74,39.01,35.00,20.00,MAN,9,0,0,-19556.25,0.00,50.71,-19606.96,0.00,0.00,0.00,0.00
77.12,30.78,38.96,35.00,20.00,MAN,9,0,0,-19556.25,0.00,50.71,-19606.96,0.00,0.00,0.00,0.00
78.12,30.80,38.89,35.00,20.00,MAN,9,0,0,-19556.25,0.00,50.71,-19606.96,0.00,0.00,0.00,0.00
79.12,30.85,38.83,35.00,20.00,MAN,9,0,0,-19556.25,0.00,50.71,-19606.96,0.00,0.00,0.00,0.00
80.13,30.89,38.79,35.00,20.00,MAN,9,0,0,-19556.25,0.00,50.71,-19606.96,0.00,0.00,0.00,0.00
81.13,30.92,38.75,35.00,20.00,MAN,9,0,0,-19556.25,0.00,50.71,-19606.96,0.00,0.00,0.00,0.00
82.13,30.97,38.64,35.00,20.00,MAN,9,0,0,-19556.25,0.00,50.71,-19606.96,0.00,0.00,0.00,0.00
83.13,31.00,38.58,35.00,20.00,MAN,9,0,0,-19556.25,0.00,50.71,-19606.96,0.00,0.00,0.00,0.00
84.13,31.05,38.51,35.00,20.00,MAN,9,0,0,-19556.25,0.00,50.71,-19606.96,0.00,0.00,0.00,0.00
85.13,31.09,38.49,35.00,20.00,MAN,9,0,0,-19556.25,0.00,50.71,-19606.96,0.00,0.00,0.00,0.00
86.13,31.14,38.43,35.00,20.00,MAN,9,0,0,-19556.25,0.00,50.71,-19606.96,0.00,0.00,0.00,0.00
87.14,31.18,38.36,35.00,20.00,MAN,9,0,0,-19556.25,0.00,50.71,-19606.96,0.00,0.00,0.00,0.00
88.14,31.22,38.30,35.00,20.00,MAN,9,0,0,-19556.25,0.00,50.71,-19606.96,0.00,0.00,0.00,0.00
89.14,31.27,38.24,35.00,20.00,MAN,9,0,0,-19556.25,0.00,50.71,-19606.96,0.00,0.00,0.00,0.00
90.14,31.29,38.17,35.00,20.00,MAN,9,0,0,-19556.25,0.00,50.71,-19606.96,0.00,0.00,0.00,0.00
91.14,31.33,38.14,35.00,20.00,MAN,9,0,0,-19556.25,0.00,50.71,-19606.96,0.00,0.00,0.00,0.00
92.14,31.37,38.08,35.00,20.00,MAN,9,0,0,-19556.25,0.00,50.71,-19606.96,0.00,0.00,0.00,0.00
93.14,31.42,37.99,35.00,20.00,MAN,9,0,0,-19556.25,0.00,50.71,-19606.96,0.00,0.00,0.00,0.00
94.15,31.45,37.96,35.00,20.00,MAN,9,0,0,-19556.25,0.00,50.71,-19606.96,0.00,0.00,0.00,0.00
95.15,31.50,37.89,35.00,20.00,MAN,9,0,0,-19556.25,0.00,50.71,-19606.96,0.00,0.00,0.00,0.00
96.15,31.53,37.83,35.00,20.00,MAN,9,0,0,-19556.25,0.00,50.71,-19606.96,0.00,0.00,0.00,0.00
97.15,31.57,37.79,35.00,20.00,MAN,9,0,0,-19556.25,0.00,50.71,-19606.96,0.00,0.00,0.00,0.00
98.15,31.59,37.75,35.00,20.00,MAN,9,0,0,-19556.25,0.00,50.71,-19606.96,0.00,0.00,0.00,0.00
99.15,31.65,37.71,35.00,20.00,MAN,9,0,0,-19556.25,0.00,50.71,-19606.96,0.00,0.00,0.00,0.00
100.15,31.68,37.64,35.00,20.00,MAN,9,0,0,-19556.25,0.00,50.71,-19606.96,0.00,0.00,0.00,0.00
101.16,31.71,37.61,35.00,20.00,MAN,9,0,0,-19556.25,0.00,50.71,-19606.96,0.00,0.00,0.00,0.00
102.16,31.76,37.56,35.00,20.00,MAN,9,0,0,-19556.25,0.00,50.71,-19606.96,0.00,0.00,0.00,0.00
103.16,31.82,37.50,35.00,20.00,MAN,9,0,0,-19556.25,0.00,50.71,-19606.96,0.00,0.00,0.00,0.00
104.16,31.86,37.43,35.00,20.00,MAN,9,0,0,-19556.25,0.00,50.71,-19606.96,0.00,0.00,0.00,0.00
105.16,31.88,37.36,35.00,20.00,MAN,9,0,0,-19556.25,0.00,50.71,-19606.96,0.00,0.00,0.00,0.00
106.17,31.93,37.34,35.00,20.00,MAN,9,0,0,-19556.25,0.00,50.71,-19606.96,0.00,0.00,0.00,0.00
107.17,31.94,37.24,35.00,20.00,MAN,9,0,0,-19556.25,0.00,50.71,-19606.96,0.00,0.00,0.00,0.00
108.17,31.98,37.21,35.00,20.00,MAN,9,0,0,-19556.25,0.00,50.71,-19606.96,0.00,0.00,0.00,0.00
109.17,32.02,37.14,35.00,20.00,MAN,9,0,0,-19556.25,0.00,50.71,-19606.96,0.00,0.00,0.00,0.00
110.17,32.05,37.11,35.00,20.00,MAN,9,0,0,-19556.25,0.00,50.71,-19606.96,0.00,0.00,0.00,0.00
111.17,32.11,37.06,35.00,20.00,MAN,9,0,0,-19556.25,0.00,50.71,-19606.96,0.00,0.00,0.00,0.00
112.18,32.15,37.02,35.00,20.00,MAN,9,0,0,-19556.25,0.00,50.71,-19606.96,0.00,0.00,0.00,0.00
113.18,32.18,36.95,35.00,20.00,MAN,9,0,0,-19556.25,0.00,50.71,-19606.96,0.00,0.00,0.00,0.00
114.18,32.24,36.89,35.00,20.00,MAN,9,0,0,-19556.25,0.00,50.71,-19606.96,0.00,0.00,0.00,0.00
115.18,32.26,36.84,35.00,20.00,MAN,9,0,0,-19556.25,0.00,50.71,-19606.96,0.00,0.00,0.00,0.00
116.18,32.29,36.81,35.00,20.00,MAN,9,0,0,-19556.25,0.00,50.71,-19606.96,0.00,0.00,0.00,0.00
117.18,32.32,36.74,35.00,20.00,MAN,9,0,0,-19556.25,0.00,50.71,-19606.96,0.00,0.00,0.00,0.00
118.18,32.37,36.70,35.00,20.00,MAN,9,0,0,-19556.25,0.00,50.71,-19606.96,0.00,0.00,0.00,0.00
119.19,32.38,36.67,35.00,20.00,MAN,9,0,0,-19556.25,0.00,50.71,-19606.96,0.00,0.00,0.00,0.00
120.19,32.43,36.60,35.00,20.00,MAN,9,0,0,-19556.25,0.00,50.71,-19606.96,0.00,0.00,0.00,0.00
121.19,32.47,36.59,35.00,20.00,MAN,9,0,0,-19556.25,0.00,50.71,-19606.96,0.00,0.00,0.00,0.00
122.19,32.49,36.49,35.00,20.00,MAN,9,0,0,-19556.25,0.00,50.71,-19606.96,0.00,0.00,0.00,0.00
123.19,32.54,36.46,35.00,20.00,MAN,9,0,0,-19556.25,0.00,50.71,-19606.96,0.00,0.00,0.00,0.00
124.19,32.59,36.39,35.00,20.00,MAN,9,0,0,-19556.25,0.00,50.71,-19606.96,0.00,0.00,0.00,0.00
125.20,32.61,36.37,35.00,20.00,MAN,9,0,0,-19556.25,0.00,50.71,-19606.96,0.00,0.00,0.00,0.00
126.20,32.66,36.30,35.00,20.00,MAN,9,0,0,-19556.25,0.00,50.71,-19606.96,0.00,0.00,0.00,0.00
127.20,32.68,36.27,35.00,20.00,MAN,9,0,0,-19556.25,0.00,50.71,-19606.96,0.00,0.00,0.00,0.00
128.20,32.72,36.24,35.00,20.00,MAN,9,0,0,-19556.25,0.00,50.71,-19606.96,0.00,0.00,0.00,0.00
129.20,32.75,36.17,35.00,20.00,MAN,9,0,0,-19556.25,0.00,50.71,-19606.96,0.00,0.00,0.00,0.00
130.20,32.78,36.15,35.00,20.00,MAN,9,0,0,-19556.25,0.00,50.71,-19606.96,0.00,0.00,0.00,0.00
131.21,32.82,36.11,35.00,20.00,MAN,9,0,0,-19556.25,0.00,50.71,-19606.96,0.00,0.00,0.00,0.00
132.20,32.85,36.05,35.00,20.00,MAN,9,0,0,-19556.25,0.00,50.71,-19606.96,0.00,0.00,0.00,0.00
133.21,32.89,36.02,35.00,20.00,MAN,9,0,0,-19556.25,0.00,50.71,-19606.96,0.00,0.00,0.00,0.00
134.21,32.92,35.98,35.00,20.00,MAN,9,0,0,-19556.25,0.00,50.71,-19606.96,0.00,0.00,0.00,0.00
135.21,32.94,35.97,35.00,20.00,MAN,9,0,0,-19556.25,0.00,50.71,-19606.96,0.00,0.00,0.00,0.00
136.21,32.98,35.90,35.00,20.00,MAN,9,0,0,-19556.25,0.00,50.71,-19606.96,0.00,0.00,0.00,0.00
137.21,33.00,35.86,35.00,20.00,MAN,9,0,0,-19556.25,0.00,50.71,-19606.96,0.00,0.00,0.00,0.00
138.22,33.02,35.79,35.00,20.00,MAN,9,0,0,-19556.25,0.00,50.71,-19606.96,0.00,0.00,0.00,0.00
139.22,33.03,35.76,35.00,20.00,MAN,9,0,0,-19556.25,0.00,50.71,-19606.96,0.00,0.00,0.00,0.00
140.22,33.05,35.76,35.00,20.00,MAN,9,0,0,-19556.25,0.00,50.71,-19606.96,0.00,0.00,0.00,0.00
141.22,33.09,35.73,35.00,20.00,MAN,9,0,0,-19556.25,0.00,50.71,-19606.96,0.00,0.00,0.00,0.00
142.22,33.12,35.69,35.00,20.00,MAN,9,0,0,-19556.25,0.00,50.71,-19606.96,0.00,0.00,0.00,0.00
143.22,33.15,35.68,35.00,20.00,MAN,9,0,0,-19556.25,0.00,50.71,-19606.96,0.00,0.00,0.00,0.00
144.23,33.16,35.65,35.00,20.00,MAN,9,0,0,-19556.25,0.00,50.71,-19606.96,0.00,0.00,0.00,0.00
145.22,33.19,35.61,35.00,20.00,MAN,9,0,0,-19556.25,0.00,50.71,-19606.96,0.00,0.00,0.00,0.00
146.23,33.22,35.58,35.00,20.00,MAN,9,0,0,-19556.25,0.00,50.71,-19606.96,0.00,0.00,0.00,0.00
147.23,33.29,35.56,35.00,20.00,MAN,8,0,0,-19556.25,0.00,50.71,-19606.96,0.00,0.00,0.00,0.00
148.23,33.30,35.53,35.00,20.00,MAN,8,0,0,-19556.25,0.00,50.71,-19606.96,0.00,0.00,0.00,0.00
149.23,33.31,35.46,35.00,20.00,MAN,8,0,0,-19556.25,0.00,50.71,-19606.96,0.00,0.00,0.00,0.00
150.23,33.34,35.43,35.00,20.00,MAN,8,0,0,-19556.25,0.00,50.71,-19606.96,0.00,0.00,0.00,0.00
151.24,33.38,35.39,35.00,20.00,MAN,8,0,0,-19556.25,0.00,50.71,-19606.96,0.00,0.00,0.00,0.00
152.24,33.41,35.36,35.00,20.00,MAN,8,0,0,-19556.25,0.00,50.71,-19606.96,0.00,0.00,0.00,0.00
153.24,33.43,35.33,35.00,20.00,MAN,8,0,0,-19556.25,0.00,50.71,-19606.96,0.00,0.00,0.00,0.00
154.24,33.45,35.29,35.00,20.00,MAN,8,0,0,-19556.25,0.00,50.71,-19606.96,0.00,0.00,0.00,0.00
155.24,33.47,35.28,35.00,20.00,MAN,8,0,0,-19556.25,0.00,50.71,-19606.96,0.00,0.00,0.00,0.00
156.24,33.50,35.24,35.00,20.00,MAN,8,0,0,-19556.25,0.00,50.71,-19606.96,0.00,0.00,0.00,0.00
157.25,33.53,35.21,35.00,20.00,MAN,8,0,0,-19556.25,0.00,50.71,-19606.96,0.00,0.00,0.00,0.00
158.25,33.56,35.18,35.00,20.00,MAN,8,0,0,-19556.25,0.00,50.71,-19606.96,0.00,0.00,0.00,0.00
159.25,33.59,35.14,35.00,20.00,MAN,8,0,0,-19556.25,0.00,50.71,-19606.96,0.00,0.00,0.00,0.00
160.25,33.62,35.08,35.00,20.00,MAN,8,0,0,-19556.25,0.00,50.71,-19606.96,0.00,0.00,0.00,0.00
161.25,33.63,35.05,35.00,20.00,MAN,8,0,0,-19556.25,0.00,50.71,-19606.96,0.00,0.00,0.00,0.00
162.25,33.64,35.05,35.00,20.00,MAN,8,0,0,-19556.25,0.00,50.71,-19606.96,0.00,0.00,0.00,0.00
163.26,33.67,35.02,35.00,20.00,MAN,8,0,0,-19556.25,0.00,50.71,-19606.96,0.00,0.00,0.00,0.00
164.26,33.70,34.99,35.00,20.00,MAN,8,0,0,-19556.25,0.00,50.71,-19606.96,0.00,0.00,0.00,0.00
165.26,33.73,34.95,35.00,20.00,MAN,8,0,0,-19556.25,0.00,50.71,-19606.96,0.00,0.00,0.00,0.00
166.26,33.74,34.92,35.00,20.00,MAN,8,0,0,-19556.25,0.00,50.71,-19606.96,0.00,0.00,0.00,0.00
167.26,33.76,34.89,35.00,20.00,MAN,8,0,0,-19556.25,0.00,50.71,-19606.96,0.00,0.00,0.00,0.00
168.26,33.79,34.91,35.00,20.00,MAN,8,0,0,-19556.25,0.00,50.71,-19606.96,0.00,0.00,0.00,0.00
169.26,33.82,34.87,35.00,20.00,MAN,8,0,0,-19556.25,0.00,50.71,-19606.96,0.00,0.00,0.00,0.00
170.27,33.83,34.84,35.00,20.00,MAN,8,0,0,-19556.25,0.00,50.71,-19606.96,0.00,0.00,0.00,0.00
171.27,33.87,34.79,35.00,20.00,MAN,8,0,0,-19556.25,0.00,50.71,-19606.96,0.00,0.00,0.00,0.00
172.27,33.89,34.76,35.00,20.00,MAN,8,0,0,-19556.25,0.00,50.71,-19606.96,0.00,0.00,0.00,0.00
173.27,33.91,34.72,35.00,20.00,MAN,8,0,0,-19556.25,0.00,50.71,-19606.96,0.00,0.00,0.00,0.00
174.27,33.95,34.70,35.00,20.00,MAN,8,0,0,-19556.25,0.00,50.71,-19606.96,0.00,0.00,0.00,0.00
175.27,33.99,34.66,35.00,20.00,MAN,8,0,0,-19556.25,0.00,50.71,-19606.96,0.00,0.00,0.00,0.00
176.28,34.01,34.61,35.00,20.00,MAN,8,0,0,-19556.25,0.00,50.71,-19606.96,0.00,0.00,0.00,0.00
177.27,34.03,34.57,35.00,20.00,MAN,8,0,0,-19556.25,0.00,50.71,-19606.96,0.00,0.00,0.00,0.00
178.28,34.06,34.53,35.00,20.00,MAN,8,0,0,-19556.25,0.00,50.71,-19606.96,0.00,0.00,0.00,0.00
179.28,34.08,34.53,35.00,20.00,MAN,8,0,0,-19556.25,0.00,50.71,-19606.96,0.00,0.00,0.00,0.00
180.28,34.11,34.49,35.00,20.00,MAN,8,0,0,-19556.25,0.00,50.71,-19606.96,0.00,0.00,0.00,0.00
181.28,34.14,34.47,35.00,20.00,MAN,8,0,0,-19556.25,0.00,50.71,-19606.96,0.00,0.00,0.00,0.00
182.28,34.17,34.43,35.00,20.00,MAN,8,0,0,-19556.25,0.00,50.71,-19606.96,0.00,0.00,0.00,0.00
183.29,34.18,34.39,35.00,20.00,MAN,8,0,0,-19556.25,0.00,50.71,-19606.96,0.00,0.00,0.00,0.00
184.29,34.21,34.39,35.00,20.00,MAN,8,0,0,-19556.25,0.00,50.71,-19606.96,0.00,0.00,0.00,0.00
185.29,34.22,34.35,35.00,20.00,MAN,8,0,0,-19556.25,0.00,50.71,-19606.96,0.00,0.00,0.00,0.00
186.29,34.25,34.31,35.00,20.00,MAN,8,0,0,-19556.25,0.00,50.71,-19606.96,0.00,0.00,0.00,0.00
187.29,34.27,34.23,35.00,20.00,MAN,8,0,0,-19556.25,0.00,50.71,-19606.96,0.00,0.00,0.00,0.00
188.30,34.30,34.19,35.00,20.00,MAN,8,0,0,-19556.25,0.00,50.71,-19606.96,0.00,0.00,0.00,0.00
189.30,34.31,34.19,35.00,20.00,MAN,8,0,0,-19556.25,0.00,50.71,-19606.96,0.00,0.00,0.00,0.00
190.30,34.33,34.17,35.00,20.00,MAN,8,0,0,-19556.25,0.00,50.71,-19606.96,0.00,0.00,0.00,0.00
191.30,34.35,34.12,35.00,20.00,MAN,8,0,0,-19556.25,0.00,50.71,-19606.96,0.00,0.00,0.00,0.00
192.30,34.38,34.08,35.00,20.00,MAN,8,0,0,-19556.25,0.00,50.71,-19606.96,0.00,0.00,0.00,0.00
193.30,34.39,34.08,35.00,20.00,MAN,8,0,0,-19556.25,0.00,50.71,-19606.96,0.00,0.00,0.00,0.00
194.30,34.41,34.05,35.00,20.00,MAN,8,0,0,-19556.25,0.00,50.71,-19606.96,0.00,0.00,0.00,0.00
195.31,34.44,34.01,35.00,20.00,MAN,8,0,0,-19556.25,0.00,50.71,-19606.96,0.00,0.00,0.00,0.00
196.31,34.46,34.01,35.00,20.00,MAN,8,0,0,-19556.25,0.00,50.71,-19606.96,0.00,0.00,0.00,0.00
197.31,34.47,33.96,35.00,20.00,MAN,8,0,0,-19556.25,0.00,50.71,-19606.96,0.00,0.00,0.00,0.00
198.31,34.49,33.99,35.00,20.00,MAN,8,0,0,-19556.25,0.00,50.71,-19606.96,0.00,0.00,0.00,0.00
199.31,34.52,33.94,35.00,20.00,MAN,8,0,0,-19556.25,0.00,50.71,-19606.96,0.00,0.00,0.00,0.00
200.31,34.55,33.90,35.00,20.00,MAN,8,0,0,-19556.25,0.00,50.71,-19606.96,0.00,0.00,0.00,0.00
201.31,34.57,33.86,35.00,20.00,MAN,8,0,0,-19556.25,0.00,50.71,-19606.96,0.00,0.00,0.00,0.00
202.32,34.60,33.82,35.00,20.00,MAN,8,0,0,-19556.25,0.00,50.71,-19606.96,0.00,0.00,0.00,0.00
203.32,34.63,33.78,35.00,20.00,MAN,8,0,0,-19556.25,0.00,50.71,-19606.96,0.00,0.00,0.00,0.00
204.32,34.65,33.79,35.00,20.00,MAN,8,0,0,-19556.25,0.00,50.71,-19606.96,0.00,0.00,0.00,0.00
205.32,34.66,33.76,35.00,20.00,MAN,8,0,0,-19556.25,0.00,50.71,-19606.96,0.00,0.00,0.00,0.00
206.32,34.67,33.72,35.00,20.00,MAN,8,0,0,-19556.25,0.00,50.71,-19606.96,0.00,0.00,0.00,0.00
207.33,34.69,33.72,35.00,20.00,MAN,8,0,0,-19556.25,0.00,50.71,-19606.96,0.00,0.00,0.00,0.00
208.33,34.71,33.68,35.00,20.00,MAN,8,0,0,-19556.25,0.00,50.71,-19606.96,0.00,0.00,0.00,0.00
209.33,34.74,33.63,35.00,20.00,MAN,8,0,0,-19556.25,0.00,50.71,-19606.96,0.00,0.00,0.00,0.00
210.33,34.77,33.63,35.00,20.00,MAN,8,0,0,-19556.25,0.00,50.71,-19606.96,0.00,0.00,0.00,0.00
211.33,34.79,33.60,35.00,20.00,MAN,8,0,0,-19556.25,0.00,50.71,-19606.96,0.00,0.00,0.00,0.00
212.33,34.82,33.56,35.00,20.00,MAN,8,0,0,-19556.25,0.00,50.71,-19606.96,0.00,0.00,0.00,0.00
213.33,34.84,33.54,35.00,20.00,MAN,8,0,0,-19556.25,0.00,50.71,-19606.96,0.00,0.00,0.00,0.00
214.33,34.85,33.54,35.00,20.00,MAN,8,0,0,-19556.25,0.00,50.71,-19606.96,0.00,0.00,0.00,0.00
215.34,34.88,33.50,35.00,20.00,MAN,8,0,0,-19556.25,0.00,50.71,-19606.96,0.00,0.00,0.00,0.00
216.34,34.91,33.45,35.00,20.00,MAN,8,0,0,-19556.25,0.00,50.71,-19606.96,0.00,0.00,0.00,0.00
217.34,34.92,33.41,35.00,20.00,MAN,8,0,0,-19556.25,0.00,50.71,-19606.96,0.00,0.00,0.00,0.00
218.34,34.94,33.41,35.00,20.00,MAN,8,0,0,-19556.25,0.00,50.71,-19606.96,0.00,0.00,0.00,0.00
219.34,34.96,33.33,35.00,20.00,MAN,8,0,0,-19556.25,0.00,50.71,-19606.96,0.00,0.00,0.00,0.00
220.35,34.98,33.33,35.00,20.00,MAN,8,0,0,-19556.25,0.00,50.71,-19606.96,0.00,0.00,0.00,0.00
221.35,35.00,33.31,35.00,20.00,MAN,8,0,0,-19556.25,0.00,50.71,-19606.96,0.00,0.00,0.00,0.00
222.35,35.00,33.31,35.00,20.00,MAN,8,0,0,-19556.25,0.00,50.71,-19606.96,0.00,0.00,0.00,0.00
223.35,35.01,33.27,35.00,20.00,MAN,8,0,0,-19556.25,0.00,50.71,-19606.96,0.00,0.00,0.00,0.00
224.35,35.03,33.27,35.00,20.00,MAN,8,0,0,-19556.25,0.00,50.71,-19606.96,0.00,0.00,0.00,0.00
225.35,35.04,33.23,35.00,20.00,MAN,8,0,0,-19556.25,0.00,50.71,-19606.96,0.00,0.00,0.00,0.00
226.36,35.07,33.23,35.00,20.00,MAN,8,0,0,-19556.25,0.00,50.71,-19606.96,0.00,0.00,0.00,0.00
227.36,35.08,33.18,35.00,20.00,MAN,8,0,0,-19556.25,0.00,50.71,-19606.96,0.00,0.00,0.00,0.00
228.36,35.09,33.18,35.00,20.00,MAN,8,0,0,-19556.25,0.00,50.71,-19606.96,0.00,0.00,0.00,0.00
229.36,35.11,33.15,35.00,20.00,MAN,8,0,0,-19556.25,0.00,50.71,-19606.96,0.00,0.00,0.00,0.00
230.36,35.12,33.15,35.00,20.00,MAN,8,0,0,-19556.25,0.00,50.71,-19606.96,0.00,0.00,0.00,0.00
231.36,35.15,33.11,35.00,20.00,MAN,8,0,0,-19556.25,0.00,50.71,-19606.96,0.00,0.00,0.00,0.00
232.36,35.18,33.12,35.00,20.00,MAN,8,0,0,-19556.25,0.00,50.71,-19606.96,0.00,0.00,0.00,0.00
233.37,35.20,33.09,35.00,20.00,MAN,8,0,0,-19556.25,0.00,50.71,-19606.96,0.00,0.00,0.00,0.00
234.37,35.21,33.09,35.00,20.00,MAN,8,0,0,-19556.25,0.00,50.71,-19606.96,0.00,0.00,0.00,0.00
235.37,35.22,33.04,35.00,20.00,MAN,8,0,0,-19556.25,0.00,50.71,-19606.96,0.00,0.00,0.00,0.00
236.37,35.23,33.00,35.00,20.00,MAN,8,0,0,-19556.25,0.00,50.71,-19606.96,0.00,0.00,0.00,0.00
237.37,35.24,33.00,35.00,20.00,MAN,8,0,0,-19556.25,0.00,50.71,-19606.96,0.00,0.00,0.00,0.00
238.37,35.26,33.00,35.00,20.00,MAN,8,0,0,-19556.25,0.00,50.71,-19606.96,0.00,0.00,0.00,0.00
239.38,35.27,32.96,35.00,20.00,MAN,8,0,0,-19556.25,0.00,50.71,-19606.96,0.00,0.00,0.00,0.00
240.38,35.30,32.96,35.00,20.00,MAN,8,0,0,-19556.25,0.00,50.71,-19606.96,0.00,0.00,0.00,0.00
241.38,35.31,32.92,35.00,20.00,MAN,8,0,0,-19556.25,0.00,50.71,-19606.96,0.00,0.00,0.00,0.00
242.38,35.34,32.94,35.00,20.00,MAN,8,0,0,-19556.25,0.00,50.71,-19606.96,0.00,0.00,0.00,0.00
243.38,35.35,32.89,35.00,20.00,MAN,8,0,0,-19556.25,0.00,50.71,-19606.96,0.00,0.00,0.00,0.00
244.38,35.36,32.89,35.00,20.00,MAN,8,0,0,-19556.25,0.00,50.71,-19606.96,0.00,0.00,0.00,0.00
245.38,35.39,32.86,35.00,20.00,MAN,8,0,0,-19556.25,0.00,50.71,-19606.96,0.00,0.00,0.00,0.00
246.39,35.41,32.86,35.00,20.00,MAN,8,0,0,-19556.25,0.00,50.71,-19606.96,0.00,0.00,0.00,0.00
247.39,35.42,32.82,35.00,20.00,MAN,8,0,0,-19556.25,0.00,50.71,-19606.96,0.00,0.00,0.00,0.00
248.39,35.43,32.82,35.00,20.00,MAN,8,0,0,-19556.25,0.00,50.71,-19606.96,0.00,0.00,0.00,0.00
249.39,35.44,32.78,35.00,20.00,MAN,8,0,0,-19556.25,0.00,50.71,-19606.96,0.00,0.00,0.00,0.00
250.39,35.47,32.78,35.00,20.00,MAN,8,0,0,-19556.25,0.00,50.71,-19606.96,0.00,0.00,0.00,0.00
251.39,35.48,32.73,35.00,20.00,MAN,8,0,0,-19556.25,0.00,50.71,-19606.96,0.00,0.00,0.00,0.00
252.40,35.50,32.73,35.00,20.00,MAN,8,0,0,-19556.25,0.00,50.71,-19606.96,0.00,0.00,0.00,0.00
253.40,35.52,32.71,35.00,20.00,MAN,8,0,0,-19556.25,0.00,50.71,-19606.96,0.00,0.00,0.00,0.00
254.40,35.54,32.71,35.00,20.00,MAN,8,0,0,-19556.25,0.00,50.71,-19606.96,0.00,0.00,0.00,0.00
255.40,35.56,32.67,35.00,20.00,MAN,8,0,0,-19556.25,0.00,50.71,-19606.96,0.00,0.00,0.00,0.00
256.40,35.58,32.67,35.00,20.00,MAN,8,0,0,-19556.25,0.00,50.71,-19606.96,0.00,0.00,0.00,0.00
257.40,35.60,32.64,35.00,20.00,MAN,8,0,0,-19556.25,0.00,50.71,-19606.96,0.00,0.00,0.00,0.00
258.41,35.60,32.64,35.00,20.00,MAN,8,0,0,-19556.25,0.00,50.71,-19606.96,0.00,0.00,0.00,0.00
259.41,35.63,32.59,35.00,20.00,MAN,8,0,0,-19556.25,0.00,50.71,-19606.96,0.00,0.00,0.00,0.00
260.41,35.63,32.59,35.00,20.00,MAN,8,0,0,-19556.25,0.00,50.71,-19606.96,0.00,0.00,0.00,0.00
261.41,35.65,32.51,35.00,20.00,MAN,8,0,0,-19556.25,0.00,50.71,-19606.96,0.00,0.00,0.00,0.00
262.41,35.66,32.51,35.00,20.00,MAN,8,0,0,-19556.25,0.00,50.71,-19606.96,0.00,0.00,0.00,0.00
263.42,35.68,32.49,35.00,20.00,MAN,8,0,0,-19556.25,0.00,50.71,-19606.96,0.00,0.00,0.00,0.00
264.41,35.69,32.49,35.00,20.00,MAN,8,0,0,-19556.25,0.00,50.71,-19606.96,0.00,0.00,0.00,0.00
265.42,35.71,32.45,35.00,20.00,MAN,8,0,0,-19556.25,0.00,50.71,-19606.96,0.00,0.00,0.00,0.00
266.42,35.73,32.45,35.00,20.00,MAN,8,0,0,-19556.25,0.00,50.71,-19606.96,0.00,0.00,0.00,0.00
267.42,35.74,32.45,35.00,20.00,MAN,8,0,0,-19556.25,0.00,50.71,-19606.96,0.00,0.00,0.00,0.00
268.42,35.74,32.41,35.00,20.00,MAN,8,0,0,-19556.25,0.00,50.71,-19606.96,0.00,0.00,0.00,0.00
269.42,35.77,32.41,35.00,20.00,MAN,8,0,0,-19556.25,0.00,50.71,-19606.96,0.00,0.00,0.00,0.00
270.43,35.78,32.37,35.00,20.00,MAN,8,0,0,-19556.25,0.00,50.71,-19606.96,0.00,0.00,0.00,0.00
271.43,35.80,32.37,35.00,20.00,MAN,8,0,0,-19556.25,0.00,50.71,-19606.96,0.00,0.00,0.00,0.00
272.43,35.82,32.37,35.00,20.00,MAN,8,0,0,-19556.25,0.00,50.71,-19606.96,0.00,0.00,0.00,0.00
273.43,35.82,32.33,35.00,20.00,MAN,8,0,0,-19556.25,0.00,50.71,-19606.96,0.00,0.00,0.00,0.00
274.43,35.83,32.33,35.00,20.00,MAN,8,0,0,-19556.25,0.00,50.71,-19606.96,0.00,0.00,0.00,0.00
275.43,35.85,32.35,35.00,20.00,MAN,8,0,0,-19556.25,0.00,50.71,-19606.96,0.00,0.00,0.00,0.00
276.44,35.86,32.31,35.00,20.00,MAN,8,0,0,-19556.25,0.00,50.71,-19606.96,0.00,0.00,0.00,0.00
277.43,35.87,32.31,35.00,20.00,MAN,8,0,0,-19556.25,0.00,50.71,-19606.96,0.00,0.00,0.00,0.00
278.44,35.88,32.31,35.00,20.00,MAN,8,0,0,-19556.25,0.00,50.71,-19606.96,0.00,0.00,0.00,0.00
279.44,35.90,32.26,35.00,20.00,MAN,8,0,0,-19556.25,0.00,50.71,-19606.96,0.00,0.00,0.00,0.00
280.44,35.92,32.26,35.00,20.00,MAN,8,0,0,-19556.25,0.00,50.71,-19606.96,0.00,0.00,0.00,0.00
281.44,35.93,32.26,35.00,20.00,MAN,8,0,0,-19556.25,0.00,50.71,-19606.96,0.00,0.00,0.00,0.00
282.44,35.94,32.22,35.00,20.00,MAN,8,0,0,-19556.25,0.00,50.71,-19606.96,0.00,0.00,0.00,0.00
283.44,35.96,32.22,35.00,20.00,MAN,8,0,0,-19556.25,0.00,50.71,-19606.96,0.00,0.00,0.00,0.00
284.45,36.00,32.19,35.00,20.00,MAN,8,0,0,-19556.25,0.00,50.71,-19606.96,0.00,0.00,0.00,0.00
285.45,36.00,32.19,35.00,20.00,MAN,8,0,0,-19556.25,0.00,50.71,-19606.96,0.00,0.00,0.00,0.00
286.45,36.02,32.19,35.00,20.00,MAN,8,0,0,-19556.25,0.00,50.71,-19606.96,0.00,0.00,0.00,0.00
287.45,36.02,32.14,35.00,20.00,MAN,8,0,0,-19556.25,0.00,50.71,-19606.96,0.00,0.00,0.00,0.00
288.45,36.02,32.14,35.00,20.00,MAN,8,0,0,-19556.25,0.00,50.71,-19606.96,0.00,0.00,0.00,0.00
289.46,36.02,32.10,35.00,20.00,MAN,8,0,0,-19556.25,0.00,50.71,-19606.96,0.00,0.00,0.00,0.00
290.46,36.03,32.12,35.00,20.00,MAN,8,0,0,-19556.25,0.00,50.71,-19606.96,0.00,0.00,0.00,0.00
291.46,36.03,32.12,35.00,20.00,MAN,8,0,0,-19556.25,0.00,50.71,-19606.96,0.00,0.00,0.00,0.00
292.46,36.08,32.08,35.00,20.00,MAN,8,0,0,-19556.25,0.00,50.71,-19606.96,0.00,0.00,0.00,0.00
293.46,36.10,32.08,35.00,20.00,MAN,8,0,0,-19556.25,0.00,50.71,-19606.96,0.00,0.00,0.00,0.00
294.46,36.11,32.04,35.00,20.00,MAN,8,0,0,-19556.25,0.00,50.71,-19606.96,0.00,0.00,0.00,0.00
295.46,36.11,32.04,35.00,20.00,MAN,8,0,0,-19556.25,0.00,50.71,-19606.96,0.00,0.00,0.00,0.00
296.46,36.13,32.04,35.00,20.00,MAN,8,0,0,-19556.25,0.00,50.71,-19606.96,0.00,0.00,0.00,0.00
297.47,36.15,31.99,35.00,20.00,MAN,8,0,0,-19556.25,0.00,50.71,-19606.96,0.00,0.00,0.00,0.00
298.47,36.16,31.99,35.00,20.00,MAN,8,0,0,-19556.25,0.00,50.71,-19606.96,0.00,0.00,0.00,0.00
299.47,36.18,31.99,35.00,20.00,MAN,8,0,0,-19556.25,0.00,50.71,-19606.96,0.00,0.00,0.00,0.00
300.47,36.19,31.96,35.00,20.00,MAN,8,0,0,-19556.25,0.00,50.71,-19606.96,0.00,0.00,0.00,0.00
301.47,36.21,31.96,35.00,20.00,MAN,8,0,0,-19556.25,0.00,50.71,-19606.96,0.00,0.00,0.00,0.00
302.48,36.21,31.97,35.00,20.00,MAN,8,0,0,-19556.25,0.00,50.71,-19606.96,0.00,0.00,0.00,0.00
303.48,36.23,31.93,35.00,20.00,MAN,8,0,0,-19556.25,0.00,50.71,-19606.96,0.00,0.00,0.00,0.00
304.48,36.24,31.93,35.00,20.00,MAN,8,0,0,-19556.25,0.00,50.71,-19606.96,0.00,0.00,0.00,0.00
305.48,36.26,31.93,35.00,20.00,MAN,8,0,0,-19556.25,0.00,50.71,-19606.96,0.00,0.00,0.00,0.00
306.48,36.27,31.90,35.00,20.00,MAN,8,0,0,-19556.25,0.00,50.71,-19606.96,0.00,0.00,0.00,0.00
307.48,36.27,31.90,35.00,20.00,MAN,8,0,0,-19556.25,0.00,50.71,-19606.96,0.00,0.00,0.00,0.00
308.49,36.29,31.90,35.00,20.00,MAN,8,0,0,-19556.25,0.00,50.71,-19606.96,0.00,0.00,0.00,0.00
309.48,36.30,31.85,35.00,20.00,MAN,8,0,0,-19556.25,0.00,50.71,-19606.96,0.00,0.00,0.00,0.00
310.49,36.31,31.85,35.00,20.00,MAN,8,0,0,-19556.25,0.00,50.71,-19606.96,0.00,0.00,0.00,0.00
311.49,36.32,31.85,35.00,20.00,MAN,8,0,0,-19556.25,0.00,50.71,-19606.96,0.00,0.00,0.00,0.00
312.49,36.33,31.81,35.00,20.00,MAN,8,0,0,-19556.25,0.00,50.71,-19606.96,0.00,0.00,0.00,0.00
313.49,36.34,31.81,35.00,20.00,MAN,8,0,0,-19556.25,0.00,50.71,-19606.96,0.00,0.00,0.00,0.00
314.49,36.36,31.83,35.00,20.00,MAN,8,0,0,-19556.25,0.00,50.71,-19606.96,0.00,0.00,0.00,0.00
315.50,36.38,31.83,35.00,20.00,MAN,8,0,0,-19556.25,0.00,50.71,-19606.96,0.00,0.00,0.00,0.00
316.50,36.39,31.79,35.00,20.00,MAN,8,0,0,-19556.25,0.00,50.71,-19606.96,0.00,0.00,0.00,0.00
317.50,36.40,31.79,35.00,20.00,MAN,8,0,0,-19556.25,0.00,50.71,-19606.96,0.00,0.00,0.00,0.00
318.50,36.41,31.75,35.00,20.00,MAN,8,0,0,-19556.25,0.00,50.71,-19606.96,0.00,0.00,0.00,0.00
319.50,36.43,31.75,35.00,20.00,MAN,8,0,0,-19556.25,0.00,50.71,-19606.96,0.00,0.00,0.00,0.00
320.50,36.43,31.75,35.00,20.00,MAN,8,0,0,-19556.25,0.00,50.71,-19606.96,0.00,0.00,0.00,0.00
321.51,36.45,31.75,35.00,20.00,MAN,8,0,0,-19556.25,0.00,50.71,-19606.96,0.00,0.00,0.00,0.00
322.51,36.46,31.75,35.00,20.00,MAN,8,0,0,-19556.25,0.00,50.71,-19606.96,0.00,0.00,0.00,0.00
323.51,36.46,31.70,35.00,20.00,MAN,8,0,0,-19556.25,0.00,50.71,-19606.96,0.00,0.00,0.00,0.00
324.51,36.47,31.70,35.00,20.00,MAN,8,0,0,-19556.25,0.00,50.71,-19606.96,0.00,0.00,0.00,0.00
325.51,36.48,31.70,35.00,20.00,MAN,8,0,0,-19556.25,0.00,50.71,-19606.96,0.00,0.00,0.00,0.00
326.51,36.49,31.63,35.00,20.00,MAN,8,0,0,-19556.25,0.00,50.71,-19606.96,0.00,0.00,0.00,0.00
327.51,36.51,31.63,35.00,20.00,MAN,8,0,0,-19556.25,0.00,50.71,-19606.96,0.00,0.00,0.00,0.00
328.52,36.52,31.63,35.00,20.00,MAN,8,0,0,-19556.25,0.00,50.71,-19606.96,0.00,0.00,0.00,0.00
329.52,36.53,31.63,35.00,20.00,MAN,8,0,0,-19556.25,0.00,50.71,-19606.96,0.00,0.00,0.00,0.00
330.52,36.54,31.58,35.00,20.00,MAN,8,0,0,-19556.25,0.00,50.71,-19606.96,0.00,0.00,0.00,0.00
331.52,36.54,31.58,35.00,20.00,MAN,8,0,0,-19556.25,0.00,50.71,-19606.96,0.00,0.00,0.00,0.00
332.52,36.55,31.61,35.00,20.00,MAN,8,0,0,-19556.25,0.00,50.71,-19606.96,0.00,0.00,0.00,0.00
333.52,36.56,31.61,35.00,20.00,MAN,8,0,0,-19556.25,0.00,50.71,-19606.96,0.00,0.00,0.00,0.00
334.53,36.57,31.61,35.00,20.00,MAN,8,0,0,-19556.25,0.00,50.71,-19606.96,0.00,0.00,0.00,0.00
335.53,36.58,31.61,35.00,20.00,MAN,8,0,0,-19556.25,0.00,50.71,-19606.96,0.00,0.00,0.00,0.00
336.53,36.59,31.56,35.00,20.00,MAN,8,0,0,-19556.25,0.00,50.71,-19606.96,0.00,0.00,0.00,0.00
337.53,36.60,31.56,35.00,20.00,MAN,8,0,0,-19556.25,0.00,50.71,-19606.96,0.00,0.00,0.00,0.00
338.53,36.61,31.56,35.00,20.00,MAN,8,0,0,-19556.25,0.00,50.71,-19606.96,0.00,0.00,0.00,0.00
339.54,36.62,31.52,35.00,20.00,MAN,8,0,0,-19556.25,0.00,50.71,-19606.96,0.00,0.00,0.00,0.00
340.54,36.63,31.52,35.00,20.00,MAN,8,0,0,-19556.25,0.00,50.71,-19606.96,0.00,0.00,0.00,0.00
341.54,36.64,31.52,35.00,20.00,MAN,8,0,0,-19556.25,0.00,50.71,-19606.96,0.00,0.00,0.00,0.00
342.54,36.66,31.52,35.00,20.00,MAN,8,0,0,-19556.25,0.00,50.71,-19606.96,0.00,0.00,0.00,0.00
343.54,36.67,31.52,35.00,20.00,MAN,8,0,0,-19556.25,0.00,50.71,-19606.96,0.00,0.00,0.00,0.00
344.54,36.68,31.48,35.00,20.00,MAN,8,0,0,-19556.25,0.00,50.71,-19606.96,0.00,0.00,0.00,0.00
345.55,36.69,31.48,35.00,20.00,MAN,8,0,0,-19556.25,0.00,50.71,-19606.96,0.00,0.00,0.00,0.00
346.54,36.71,31.50,35.00,20.00,MAN,8,0,0,-19556.25,0.00,50.71,-19606.96,0.00,0.00,0.00,0.00
347.55,36.72,31.46,35.00,20.00,MAN,8,0,0,-19556.25,0.00,50.71,-19606.96,0.00,0.00,0.00,0.00
348.55,36.72,31.46,35.00,20.00,MAN,8,0,0,-19556.25,0.00,50.71,-19606.96,0.00,0.00,0.00,0.00
349.55,36.72,31.46,35.00,20.00,MAN,8,0,0,-19556.25,0.00,50.71,-19606.96,0.00,0.00,0.00,0.00
350.55,36.73,31.46,35.00,20.00,MAN,8,0,0,-19556.25,0.00,50.71,-19606.96,0.00,0.00,0.00,0.00
351.55,36.75,31.41,35.00,20.00,MAN,8,0,0,-19556.25,0.00,50.71,-19606.96,0.00,0.00,0.00,0.00
352.56,36.75,31.41,35.00,20.00,MAN,8,0,0,-19556.25,0.00,50.71,-19606.96,0.00,0.00,0.00,0.00
353.56,36.76,31.41,35.00,20.00,MAN,8,0,0,-19556.25,0.00,50.71,-19606.96,0.00,0.00,0.00,0.00
354.56,36.77,31.41,35.00,20.00,MAN,8,0,0,-19556.25,0.00,50.71,-19606.96,0.00,0.00,0.00,0.00
355.56,36.78,31.38,35.00,20.00,MAN,8,0,0,-19556.25,0.00,50.71,-19606.96,0.00,0.00,0.00,0.00
356.56,36.78,31.38,35.00,20.00,MAN,8,0,0,-19556.25,0.00,50.71,-19606.96,0.00,0.00,0.00,0.00
357.56,36.78,31.38,35.00,20.00,MAN,8,0,0,-19556.25,0.00,50.71,-19606.96,0.00,0.00,0.00,0.00
358.56,36.80,31.38,35.00,20.00,MAN,8,0,0,-19556.25,0.00,50.71,-19606.96,0.00,0.00,0.00,0.00
359.57,36.81,31.38,35.00,20.00,MAN,8,0,0,-19556.25,0.00,50.71,-19606.96,0.00,0.00,0.00,0.00
360.57,36.81,31.38,35.00,20.00,MAN,8,0,0,-19556.25,0.00,50.71,-19606.96,0.00,0.00,0.00,0.00
361.57,36.81,31.38,35.00,20.00,MAN,8,0,0,-19556.25,0.00,50.71,-19606.96,0.00,0.00,0.00,0.00
362.57,36.83,31.38,35.00,20.00,MAN,8,0,0,-19556.25,0.00,50.71,-19606.96,0.00,0.00,0.00,0.00
363.57,36.84,31.34,35.00,20.00,MAN,8,0,0,-19556.25,0.00,50.71,-19606.96,0.00,0.00,0.00,0.00
364.57,36.84,31.34,35.00,20.00,MAN,8,0,0,-19556.25,0.00,50.71,-19606.96,0.00,0.00,0.00,0.00
365.57,36.85,31.34,35.00,20.00,MAN,8,0,0,-19556.25,0.00,50.71,-19606.96,0.00,0.00,0.00,0.00
366.58,36.85,31.34,35.00,20.00,MAN,8,0,0,-19556.25,0.00,50.71,-19606.96,0.00,0.00,0.00,0.00
367.58,36.87,31.35,35.00,20.00,MAN,8,0,0,-19556.25,0.00,50.71,-19606.96,0.00,0.00,0.00,0.00
368.58,36.87,31.34,35.00,20.00,MAN,8,0,0,-19556.25,0.00,50.71,-19606.96,0.00,0.00,0.00,0.00
369.58,36.89,31.31,35.00,20.00,MAN,8,0,0,-19556.25,0.00,50.71,-19606.96,0.00,0.00,0.00,0.00
370.58,36.91,31.31,35.00,20.00,MAN,8,0,0,-19556.25,0.00,50.71,-19606.96,0.00,0.00,0.00,0.00
371.59,36.91,31.31,35.00,20.00,MAN,8,0,0,-19556.25,0.00,50.71,-19606.96,0.00,0.00,0.00,0.00
372.59,36.93,31.31,35.00,20.00,MAN,8,0,0,-19556.25,0.00,50.71,-19606.96,0.00,0.00,0.00,0.00
373.59,36.93,31.31,35.00,20.00,MAN,8,0,0,-19556.25,0.00,50.71,-19606.96,0.00,0.00,0.00,0.00
374.59,36.95,31.27,35.00,20.00,MAN,8,0,0,-19556.25,0.00,50.71,-19606.96,0.00,0.00,0.00,0.00
375.59,36.95,31.27,35.00,20.00,MAN,8,0,0,-19556.25,0.00,50.71,-19606.96,0.00,0.00,0.00,0.00
376.59,36.96,31.27,35.00,20.00,MAN,8,0,0,-19556.25,0.00,50.71,-19606.96,0.00,0.00,0.00,0.00
377.59,36.98,31.27,35.00,20.00,MAN,8,0,0,-19556.25,0.00,50.71,-19606.96,0.00,0.00,0.00,0.00
378.60,36.99,31.27,35.00,20.00,MAN,8,0,0,-19556.25,0.00,50.71,-19606.96,0.00,0.00,0.00,0.00
379.60,36.99,31.23,35.00,20.00,MAN,8,0,0,-19556.25,0.00,50.71,-19606.96,0.00,0.00,0.00,0.00
380.60,37.00,31.23,35.00,20.00,MAN,8,0,0,-19556.25,0.00,50.71,-19606.96,0.00,0.00,0.00,0.00
381.60,37.01,31.23,35.00,20.00,MAN,8,0,0,-19556.25,0.00,50.71,-19606.96,0.00,0.00,0.00,0.00
382.60,37.02,31.23,35.00,20.00,MAN,8,0,0,-19556.25,0.00,50.71,-19606.96,0.00,0.00,0.00,0.00
383.60,37.02,31.23,35.00,20.00,MAN,8,0,0,-19556.25,0.00,50.71,-19606.96,0.00,0.00,0.00,0.00
384.61,37.03,31.23,35.00,20.00,MAN,8,0,0,-19556.25,0.00,50.71,-19606.96,0.00,0.00,0.00,0.00
385.61,37.03,31.19,35.00,20.00,MAN,8,0,0,-19556.25,0.00,50.71,-19606.96,0.00,0.00,0.00,0.00
386.61,37.04,31.21,35.00,20.00,MAN,8,0,0,-19556.25,0.00,50.71,-19606.96,0.00,0.00,0.00,0.00
387.61,37.04,31.19,35.00,20.00,MAN,8,0,0,-19556.25,0.00,50.71,-19606.96,0.00,0.00,0.00,0.00
388.61,37.05,31.21,35.00,20.00,MAN,8,0,0,-19556.25,0.00,50.71,-19606.96,0.00,0.00,0.00,0.00
389.61,37.06,31.21,35.00,20.00,MAN,8,0,0,-19556.25,0.00,50.71,-19606.96,0.00,0.00,0.00,0.00
390.61,37.07,31.21,35.00,20.00,MAN,8,0,0,-19556.25,0.00,50.71,-19606.96,0.00,0.00,0.00,0.00
391.62,37.08,31.16,35.00,20.00,MAN,8,0,0,-19556.25,0.00,50.71,-19606.96,0.00,0.00,0.00,0.00
392.62,37.10,31.16,35.00,20.00,MAN,8,0,0,-19556.25,0.00,50.71,-19606.96,0.00,0.00,0.00,0.00
393.62,37.11,31.16,35.00,20.00,MAN,8,0,0,-19556.25,0.00,50.71,-19606.96,0.00,0.00,0.00,0.00
394.62,37.11,31.16,35.00,20.00,MAN,8,0,0,-19556.25,0.00,50.71,-19606.96,0.00,0.00,0.00,0.00
395.62,37.11,31.16,35.00,20.00,MAN,8,0,0,-19556.25,0.00,50.71,-19606.96,0.00,0.00,0.00,0.00
396.62,37.12,31.16,35.00,20.00,MAN,8,0,0,-19556.25,0.00,50.71,-19606.96,0.00,0.00,0.00,0.00
397.63,37.13,31.16,35.00,20.00,MAN,8,0,0,-19556.25,0.00,50.71,-19606.96,0.00,0.00,0.00,0.00
398.63,37.13,31.12,35.00,20.00,MAN,8,0,0,-19556.25,0.00,50.71,-19606.96,0.00,0.00,0.00,0.00
399.63,37.14,31.12,35.00,20.00,MAN,8,0,0,-19556.25,0.00,50.71,-19606.96,0.00,0.00,0.00,0.00
400.63,37.16,31.12,35.00,20.00,MAN,8,0,0,-19556.25,0.00,50.71,-19606.96,0.00,0.00,0.00,0.00
401.63,37.15,31.12,35.00,20.00,MAN,8,0,0,-19556.25,0.00,50.71,-19606.96,0.00,0.00,0.00,0.00
402.63,37.16,31.12,35.00,20.00,MAN,8,0,0,-19556.25,0.00,50.71,-19606.96,0.00,0.00,0.00,0.00
403.64,37.17,31.12,35.00,20.00,MAN,8,0,0,-19556.25,0.00,50.71,-19606.96,0.00,0.00,0.00,0.00
404.64,37.17,31.12,35.00,20.00,MAN,8,0,0,-19556.25,0.00,50.71,-19606.96,0.00,0.00,0.00,0.00
405.64,37.18,31.12,35.00,20.00,MAN,8,0,0,-19556.25,0.00,50.71,-19606.96,0.00,0.00,0.00,0.00
406.64,37.19,31.12,35.00,20.00,MAN,8,0,0,-19556.25,0.00,50.71,-19606.96,0.00,0.00,0.00,0.00
407.64,37.20,31.09,35.00,20.00,MAN,8,0,0,-19556.25,0.00,50.71,-19606.96,0.00,0.00,0.00,0.00
408.64,37.21,31.09,35.00,20.00,MAN,8,0,0,-19556.25,0.00,50.71,-19606.96,0.00,0.00,0.00,0.00
409.65,37.22,31.09,35.00,20.00,MAN,10,0,0,-19556.25,0.00,50.71,-19606.96,0.00,0.00,0.00,0.00
410.65,37.23,31.10,35.00,20.00,MAN,10,0,0,-19556.25,0.00,50.71,-19606.96,0.00,0.00,0.00,0.00
411.65,37.23,31.06,35.00,20.00,MAN,10,0,0,-19556.25,0.00,50.71,-19606.96,0.00,0.00,0.00,0.00
412.65,37.25,31.06,35.00,20.00,MAN,10,0,0,-19556.25,0.00,50.71,-19606.96,0.00,0.00,0.00,0.00
413.65,37.26,31.06,35.00,20.00,MAN,10,0,0,-19556.25,0.00,50.71,-19606.96,0.00,0.00,0.00,0.00
414.65,37.27,31.06,35.00,20.00,MAN,10,0,0,-19556.25,0.00,50.71,-19606.96,0.00,0.00,0.00,0.00
415.65,37.28,31.06,35.00,20.00,MAN,10,0,0,-19556.25,0.00,50.71,-19606.96,0.00,0.00,0.00,0.00
416.66,37.29,31.02,35.00,20.00,MAN,10,0,0,-19556.25,0.00,50.71,-19606.96,0.00,0.00,0.00,0.00
417.66,37.30,31.02,35.00,20.00,MAN,10,0,0,-19556.25,0.00,50.71,-19606.96,0.00,0.00,0.00,0.00
418.66,37.32,31.02,35.00,20.00,MAN,10,0,0,-19556.25,0.00,50.71,-19606.96,0.00,0.00,0.00,0.00
419.66,37.33,31.02,35.00,20.00,MAN,10,0,0,-19556.25,0.00,50.71,-19606.96,0.00,0.00,0.00,0.00
420.66,37.34,30.98,35.00,20.00,MAN,10,0,0,-19556.25,0.00,50.71,-19606.96,0.00,0.00,0.00,0.00
421.67,37.35,30.98,35.00,20.00,MAN,10,0,0,-19556.25,0.00,50.71,-19606.96,0.00,0.00,0.00,0.00
422.67,37.37,30.98,35.00,20.00,MAN,10,0,0,-19556.25,0.00,50.71,-19606.96,0.00,0.00,0.00,0.00
423.67,37.37,30.94,35.00,20.00,MAN,10,0,0,-19556.25,0.00,50.71,-19606.96,0.00,0.00,0.00,0.00
424.67,37.37,30.94,35.00,20.00,MAN,10,0,0,-19556.25,0.00,50.71,-19606.96,0.00,0.00,0.00,0.00
425.67,37.40,30.96,35.00,20.00,MAN,10,0,0,-19556.25,0.00,50.71,-19606.96,0.00,0.00,0.00,0.00
426.67,37.40,30.96,35.00,20.00,MAN,10,0,0,-19556.25,0.00,50.71,-19606.96,0.00,0.00,0.00,0.00
427.67,37.40,30.96,35.00,20.00,MAN,10,0,0,-19556.25,0.00,50.71,-19606.96,0.00,0.00,0.00,0.00
428.67,37.41,30.96,35.00,20.00,MAN,10,0,0,-19556.25,0.00,50.71,-19606.96,0.00,0.00,0.00,0.00
429.68,37.41,30.96,35.00,20.00,MAN,10,0,0,-19556.25,0.00,50.71,-19606.96,0.00,0.00,0.00,0.00
430.68,37.41,30.96,35.00,20.00,MAN,10,0,0,-19556.25,0.00,50.71,-19606.96,0.00,0.00,0.00,0.00
431.68,37.44,30.91,35.00,20.00,MAN,10,0,0,-19556.25,0.00,50.71,-19606.96,0.00,0.00,0.00,0.00
432.68,37.44,30.91,35.00,20.00,MAN,10,0,0,-19556.25,0.00,50.71,-19606.96,0.00,0.00,0.00,0.00
433.68,37.44,30.91,35.00,20.00,MAN,10,0,0,-19556.25,0.00,50.71,-19606.96,0.00,0.00,0.00,0.00
434.69,37.45,30.91,35.00,20.00,MAN,10,0,0,-19556.25,0.00,50.71,-19606.96,0.00,0.00,0.00,0.00
435.69,37.46,30.91,35.00,20.00,MAN,10,0,0,-19556.25,0.00,50.71,-19606.96,0.00,0.00,0.00,0.00
436.69,37.46,30.91,35.00,20.00,MAN,10,0,0,-19556.25,0.00,50.71,-19606.96,0.00,0.00,0.00,0.00
437.69,37.46,30.91,35.00,20.00,MAN,10,0,0,-19556.25,0.00,50.71,-19606.96,0.00,0.00,0.00,0.00
438.69,37.46,30.91,35.00,20.00,MAN,10,0,0,-19556.25,0.00,50.71,-19606.96,0.00,0.00,0.00,0.00
439.70,37.47,30.91,35.00,20.00,MAN,10,0,0,-19556.25,0.00,50.71,-19606.96,0.00,0.00,0.00,0.00
440.69,37.47,30.91,35.00,20.00,MAN,10,0,0,-19556.25,0.00,50.71,-19606.96,0.00,0.00,0.00,0.00
441.70,37.48,30.91,35.00,20.00,MAN,10,0,0,-19556.25,0.00,50.71,-19606.96,0.00,0.00,0.00,0.00
442.70,37.48,30.91,35.00,20.00,MAN,10,0,0,-19556.25,0.00,50.71,-19606.96,0.00,0.00,0.00,0.00
443.70,37.49,30.87,35.00,20.00,MAN,10,0,0,-19556.25,0.00,50.71,-19606.96,0.00,0.00,0.00,0.00
444.70,37.50,30.87,35.00,20.00,MAN,10,0,0,-19556.25,0.00,50.71,-19606.96,0.00,0.00,0.00,0.00
445.70,37.50,30.87,35.00,20.00,MAN,10,0,0,-19556.25,0.00,50.71,-19606.96,0.00,0.00,0.00,0.00
446.70,37.50,30.87,35.00,20.00,MAN,10,0,0,-19556.25,0.00,50.71,-19606.96,0.00,0.00,0.00,0.00
447.70,37.51,30.87,35.00,20.00,MAN,10,0,0,-19556.25,0.00,50.71,-19606.96,0.00,0.00,0.00,0.00
448.71,37.51,30.87,35.00,20.00,MAN,10,0,0,-19556.25,0.00,50.71,-19606.96,0.00,0.00,0.00,0.00
449.71,37.52,30.87,35.00,20.00,MAN,10,0,0,-19556.25,0.00,50.71,-19606.96,0.00,0.00,0.00,0.00
450.71,37.52,30.87,35.00,20.00,MAN,10,0,0,-19556.25,0.00,50.71,-19606.96,0.00,0.00,0.00,0.00
451.71,37.54,30.87,35.00,20.00,MAN,10,0,0,-19556.25,0.00,50.71,-19606.96,0.00,0.00,0.00,0.00
452.71,37.55,30.87,35.00,20.00,MAN,10,0,0,-19556.25,0.00,50.71,-19606.96,0.00,0.00,0.00,0.00
453.72,37.55,30.87,35.00,20.00,MAN,10,0,0,-19556.25,0.00,50.71,-19606.96,0.00,0.00,0.00,0.00
454.72,37.56,30.87,35.00,20.00,MAN,10,0,0,-19556.25,0.00,50.71,-19606.96,0.00,0.00,0.00,0.00
455.72,37.56,30.87,35.00,20.00,MAN,10,0,0,-19556.25,0.00,50.71,-19606.96,0.00,0.00,0.00,0.00
456.72,37.56,30.87,35.00,20.00,MAN,10,0,0,-19556.25,0.00,50.71,-19606.96,0.00,0.00,0.00,0.00
457.72,37.56,30.87,35.00,20.00,MAN,10,0,0,-19556.25,0.00,50.71,-19606.96,0.00,0.00,0.00,0.00
458.72,37.57,30.87,35.00,20.00,MAN,10,0,0,-19556.25,0.00,50.71,-19606.96,0.00,0.00,0.00,0.00
459.73,37.59,30.89,35.00,20.00,MAN,10,0,0,-19556.25,0.00,50.71,-19606.96,0.00,0.00,0.00,0.00
460.73,37.60,30.81,35.00,20.00,MAN,10,0,0,-19556.25,0.00,50.71,-19606.96,0.00,0.00,0.00,0.00
461.73,37.59,30.81,35.00,20.00,MAN,10,0,0,-19556.25,0.00,50.71,-19606.96,0.00,0.00,0.00,0.00
462.73,37.60,30.81,35.00,20.00,MAN,10,0,0,-19556.25,0.00,50.71,-19606.96,0.00,0.00,0.00,0.00
463.73,37.60,30.81,35.00,20.00,MAN,10,0,0,-19556.25,0.00,50.71,-19606.96,0.00,0.00,0.00,0.00
464.73,37.62,30.81,35.00,20.00,MAN,10,0,0,-19556.25,0.00,50.71,-19606.96,0.00,0.00,0.00,0.00
465.73,37.62,30.81,35.00,20.00,MAN,10,0,0,-19556.25,0.00,50.71,-19606.96,0.00,0.00,0.00,0.00
466.74,37.63,30.81,35.00,20.00,MAN,10,0,0,-19556.25,0.00,50.71,-19606.96,0.00,0.00,0.00,0.00
467.74,37.63,30.77,35.00,20.00,MAN,10,0,0,-19556.25,0.00,50.71,-19606.96,0.00,0.00,0.00,0.00
468.74,37.64,30.77,35.00,20.00,MAN,10,0,0,-19556.25,0.00,50.71,-19606.96,0.00,0.00,0.00,0.00
469.74,37.64,30.77,35.00,20.00,MAN,10,0,0,-19556.25,0.00,50.71,-19606.96,0.00,0.00,0.00,0.00
470.74,37.65,30.77,35.00,20.00,MAN,10,0,0,-19556.25,0.00,50.71,-19606.96,0.00,0.00,0.00,0.00
471.75,37.65,30.77,35.00,20.00,MAN,10,0,0,-19556.25,0.00,50.71,-19606.96,0.00,0.00,0.00,0.00
472.75,37.67,30.77,35.00,20.00,MAN,10,0,0,-19556.25,0.00,50.71,-19606.96,0.00,0.00,0.00,0.00
473.75,37.69,30.77,35.00,20.00,MAN,10,0,0,-19556.25,0.00,50.71,-19606.96,0.00,0.00,0.00,0.00
474.75,37.69,30.77,35.00,20.00,MAN,10,0,0,-19556.25,0.00,50.71,-19606.96,0.00,0.00,0.00,0.00
475.75,37.69,30.77,35.00,20.00,MAN,10,0,0,-19556.25,0.00,50.71,-19606.96,0.00,0.00,0.00,0.00
